7.8873,66.3626
7.8862,66.1592
7.8851,65.9568
7.8840,65.7556
7.8830,65.5555
7.8819,65.3565
7.8808,65.1587
7.8798,64.9620
7.8788,64.7664
7.8777,64.5720
7.8767,64.3787
7.8757,64.1866
7.8746,63.9957
7.8736,63.8059
7.8726,63.6173
7.8716,63.4298
7.8706,63.2435
7.8696,63.0584
7.8687,62.8745
7.8677,62.6918
7.8667,62.5102
7.8658,62.3299
7.8648,62.1507
7.8639,61.9727
7.8629,61.7959
7.8620,61.6204
7.8610,61.4460
7.8601,61.2728
7.8592,61.1009
7.8583,60.9302
7.8574,60.7607
7.8565,60.5924
7.8556,60.4253
7.8547,60.2595
7.8538,60.0949
7.8530,59.9315
7.8521,59.7694
7.8512,59.6085
7.8504,59.4489
7.8495,59.2905
7.8487,59.1334
7.8479,58.9775
7.8471,58.8229
7.8462,58.6695
7.8454,58.5174
7.8446,58.3666
7.8438,58.2170
7.8430,58.0687
7.8422,57.9217
7.8415,57.7760
7.8407,57.6315
7.8399,57.4883
7.8392,57.3464
7.8384,57.2058
7.8377,57.0665
7.8370,56.9285
7.8362,56.7917
7.8355,56.6563
7.8348,56.5222
7.8341,56.3893
7.8334,56.2578
7.8327,56.1276
7.8320,55.9987
7.8313,55.8711
7.8306,55.7449
7.8300,55.6199
7.8293,55.4963
7.8287,55.3740
7.8280,55.2530
7.8274,55.1334
7.8267,55.0150
7.8261,54.8980
7.8255,54.7824
7.8249,54.6681
7.8243,54.5551
7.8237,54.4434
7.8231,54.3332
7.8225,54.2242
7.8220,54.1166
7.8214,54.0103
7.8208,53.9054
7.8203,53.8019
7.8197,53.6997
7.8192,53.5989
7.8187,53.4994
7.8181,53.4013
7.8176,53.3045
7.8171,53.2092
7.8166,53.1151
7.8161,53.0225
7.8156,52.9312
7.8152,52.8413
7.8147,52.7528
7.8142,52.6656
7.8138,52.5798
7.8133,52.4954
7.8129,52.4124
7.8124,52.3308
7.8120,52.2505
7.8116,52.1716
7.8112,52.0941
7.8108,52.0180
7.8104,51.9433
7.8100,51.8700
7.8096,51.7981
7.8092,51.7276
7.8088,51.6584
7.8085,51.5907
7.8081,51.5243
7.8078,51.4594
7.8074,51.3959
7.8071,51.3337
7.8068,51.2730
7.8065,51.2136
7.8062,51.1557
7.8059,51.0992
7.8056,51.0441
7.8053,50.9904
7.8050,50.9381
7.8047,50.8872
7.8045,50.8377
7.8042,50.7896
7.8040,50.7430
7.8037,50.6977
7.8035,50.6539
7.8033,50.6115
7.8030,50.5705
7.8028,50.5309
7.8026,50.4928
7.8024,50.4560
7.8022,50.4207
7.8021,50.3868
7.8019,50.3543
7.8017,50.3232
7.8016,50.2936
7.8014,50.2654
7.8013,50.2386
7.8011,50.2132
7.8010,50.1893
7.8009,50.1668
7.8008,50.1457
7.8007,50.1260
7.8006,50.1077
7.8005,50.0909
7.8004,50.0755
7.8003,50.0616
7.8003,50.0490
7.8002,50.0379
7.8002,50.0282
7.8001,50.0199
7.8001,50.0131
7.8000,50.0077
7.8000,50.0037
7.8000,50.0012
7.8000,50.0001
7.8000,50.0004
7.8000,50.0021
7.8000,50.0053
7.8001,50.0098
7.8001,50.0159
7.8001,50.0233
7.8002,50.0322
7.8002,50.0425
7.8003,50.0542
7.8004,50.0674
7.8004,50.0819
7.8005,50.0979
7.8006,50.1154
7.8007,50.1342
7.8008,50.1545
7.8009,50.1762
7.8011,50.1994
7.8012,50.2239
7.8013,50.2499
7.8015,50.2773
7.8016,50.3061
7.8018,50.3364
7.8020,50.3681
7.8021,50.4011
7.8023,50.4357
7.8025,50.4716
7.8027,50.5089
7.8029,50.5477
7.8031,50.5879
7.8034,50.6295
7.8036,50.6725
7.8038,50.7169
7.8041,50.7628
7.8043,50.8100
7.8046,50.8587
7.8048,50.9088
7.8051,50.9603
7.8054,51.0132
7.8057,51.0675
7.8060,51.1232
7.8063,51.1804
7.8066,51.2389
7.8069,51.2988
7.8073,51.3602
7.8076,51.4229
7.8079,51.4871
7.8083,51.5526
7.8086,51.6195
7.8090,51.6879
7.8094,51.7576
7.8098,51.8287
7.8101,51.9013
7.8105,51.9752
7.8109,52.0505
7.8113,52.1272
7.8118,52.2053
7.8122,52.2847
7.8126,52.3656
7.8131,52.4478
7.8135,52.5314
7.8140,52.6164
7.8144,52.7028
7.8149,52.7905
7.8154,52.8797
7.8158,52.9702
7.8163,53.0620
7.8168,53.1553
7.8173,53.2499
7.8178,53.3458
7.8184,53.4432
7.8189,53.5419
7.8194,53.6419
7.8200,53.7433
7.8205,53.8461
7.8211,53.9502
7.8216,54.0557
7.8222,54.1626
7.8228,54.2707
7.8234,54.3803
7.8240,54.4911
7.8246,54.6033
7.8252,54.7169
7.8258,54.8318
7.8264,54.9480
7.8270,55.0656
7.8277,55.1845
7.8283,55.3047
7.8289,55.4262
7.8296,55.5491
7.8303,55.6733
7.8309,55.7988
7.8316,55.9257
7.8323,56.0538
7.8330,56.1833
7.8337,56.3140
7.8344,56.4461
7.8351,56.5795
7.8358,56.7142
7.8365,56.8502
7.8373,56.9875
7.8380,57.1260
7.8388,57.2659
7.8395,57.4071
7.8403,57.5495
7.8410,57.6932
7.8418,57.8383
7.8426,57.9845
7.8434,58.1321
7.8442,58.2810
7.8450,58.4311
7.8458,58.5824
7.8466,58.7351
7.8474,58.8890
7.8482,59.0442
7.8491,59.2006
7.8499,59.3582
7.8508,59.5172
7.8516,59.6773
7.8525,59.8387
7.8533,60.0014
7.8542,60.1653
7.8551,60.3304
7.8560,60.4968
7.8569,60.6643
7.8578,60.8332
7.8587,61.0032
7.8596,61.1744
7.8605,61.3469
7.8614,61.5206
7.8624,61.6955
7.8633,61.8715
7.8643,62.0488
7.8652,62.2273
7.8662,62.4070
7.8671,62.5879
7.8681,62.7699
7.8691,62.9532
7.8701,63.1376
7.8711,63.3232
7.8721,63.5100
7.8731,63.6980
7.8741,63.8871
7.8751,64.0774
7.8761,64.2688
7.8771,64.4614
7.8782,64.6552
7.8792,64.8501
7.8802,65.0461
7.8813,65.2433
7.8824,65.4416
7.8834,65.6411
7.8845,65.8417
7.8856,66.0434
7.8866,66.2462
7.8877,66.4502
7.8888,66.6553
7.8899,66.8614
7.8910,67.0687
7.8921,67.2771
7.8933,67.4866
7.8944,67.6972
7.8955,67.9089
7.8966,68.1216
7.8978,68.3355
7.8989,68.5504
7.9001,68.7664
7.9012,68.9835
7.9024,69.2016
7.9036,69.4208
7.9048,69.6411
7.9059,69.8624
7.9071,70.0847
7.9083,70.3082
7.9095,70.5326
7.9107,70.7581
7.9119,70.9846
7.9131,71.2122
7.9144,71.4407
7.9156,71.6703
7.9168,71.9009
7.9180,72.1325
7.9193,72.3652
7.9205,72.5988
7.9218,72.8334
7.9230,73.0690
7.9243,73.3056
7.9256,73.5432
7.9268,73.7818
7.9281,74.0213
7.9294,74.2618
7.9307,74.5033
7.9320,74.7458
7.9333,74.9892
7.9346,75.2335
7.9359,75.4788
7.9372,75.7250
7.9385,75.9722
7.9398,76.2203
7.9412,76.4694
7.9425,76.7193
7.9438,76.9702
7.9452,77.2220
7.9465,77.4747
7.9479,77.7283
7.9492,77.9829
7.9506,78.2383
7.9520,78.4946
7.9533,78.7517
7.9547,79.0098
7.9561,79.2687
7.9575,79.5286
7.9589,79.7892
7.9603,80.0508
7.9617,80.3132
7.9631,80.5764
7.9645,80.8405
7.9659,81.1054
7.9673,81.3712
7.9687,81.6378
7.9702,81.9052
7.9716,82.1735
7.9730,82.4425
7.9745,82.7124
7.9759,82.9831
7.9774,83.2545
7.9788,83.5268
7.9803,83.7998
7.9817,84.0737
7.9832,84.3483
7.9847,84.6237
7.9861,84.8999
7.9876,85.1768
7.9891,85.4545
7.9906,85.7329
7.9921,86.0121
7.9936,86.2920
7.9951,86.5727
7.9966,86.8541
7.9981,87.1362
7.9996,87.4191
8.0011,87.7026
8.0026,87.9869
8.0041,88.2719
8.0056,88.5575
8.0072,88.8439
8.0087,89.1310
8.0102,89.4187
8.0118,89.7071
8.0133,89.9962
8.0149,90.2859
8.0164,90.5764
8.0180,90.8674
8.0195,91.1591
8.0211,91.4515
8.0226,91.7445
8.0242,92.0382
8.0258,92.3324
8.0273,92.6273
8.0289,92.9228
8.0305,93.2189
8.0321,93.5156
8.0337,93.8129
8.0353,94.1109
8.0368,94.4094
8.0384,94.7084
8.0400,95.0081
8.0416,95.3083
8.0432,95.6091
8.0449,95.9105
8.0465,96.2124
8.0481,96.5148
8.0497,96.8178
8.0513,97.1214
8.0529,97.4254
8.0546,97.7300
8.0562,98.0351
8.0578,98.3408
8.0595,98.6469
8.0611,98.9535
8.0627,99.2606
8.0644,99.5683
8.0660,99.8764
8.0677,100.1849
8.0693,100.4940
8.0710,100.8035
8.0726,101.1135
8.0743,101.4239
8.0759,101.7348
8.0776,102.0461
8.0792,102.3579
8.0809,102.6701
8.0826,102.9827
8.0842,103.2958
8.0859,103.6092
8.0876,103.9231
8.0893,104.2373
8.0909,104.5520
8.0926,104.8670
8.0943,105.1825
8.0960,105.4983
8.0977,105.8145
8.0994,106.1310
8.1011,106.4479
8.1027,106.7651
8.1044,107.0828
8.1061,107.4007
8.1078,107.7190
8.1095,108.0376
8.1112,108.3565
8.1129,108.6758
8.1146,108.9953
8.1163,109.3152
8.1181,109.6353
8.1198,109.9558
8.1215,110.2765
8.1232,110.5976
8.1249,110.9188
8.1266,111.2404
8.1283,111.5622
8.1300,111.8843
8.1318,112.2066
8.1335,112.5292
8.1352,112.8520
8.1369,113.1751
8.1387,113.4983
8.1404,113.8218
8.1421,114.1455
8.1438,114.4694
8.1456,114.7935
8.1473,115.1178
8.1490,115.4423
8.1508,115.7670
8.1525,116.0919
8.1542,116.4169
8.1560,116.7420
8.1577,117.0674
8.1594,117.3929
8.1612,117.7185
8.1629,118.0443
8.1646,118.3702
8.1664,118.6962
8.1681,119.0224
8.1699,119.3486
8.1716,119.6750
8.1733,120.0015
8.1751,120.3280
8.1768,120.6547
8.1786,120.9814
8.1803,121.3083
8.1821,121.6351
8.1838,121.9621
8.1855,122.2891
8.1873,122.6162
8.1890,122.9433
8.1908,123.2704
8.1925,123.5976
8.1943,123.9248
8.1960,124.2520
8.1978,124.5793
8.1995,124.9065
8.2012,125.2337
8.2030,125.5610
8.2047,125.8882
8.2065,126.2154
8.2082,126.5426
8.2100,126.8698
8.2117,127.1969
8.2135,127.5240
8.2152,127.8511
8.2169,128.1780
8.2187,128.5050
8.2204,128.8318
8.2222,129.1586
8.2239,129.4853
8.2257,129.8119
8.2274,130.1385
8.2291,130.4649
8.2309,130.7912
8.2326,131.1174
8.2344,131.4435
8.2361,131.7695
8.2378,132.0954
8.2396,132.4211
8.2413,132.7466
8.2431,133.0721
8.2448,133.3973
8.2465,133.7224
8.2483,134.0474
8.2500,134.3722
8.2517,134.6968
8.2534,135.0212
8.2552,135.3454
8.2569,135.6694
8.2586,135.9932
8.2604,136.3168
8.2621,136.6402
8.2638,136.9634
8.2655,137.2863
8.2672,137.6091
8.2690,137.9315
8.2707,138.2537
8.2724,138.5757
8.2741,138.8974
8.2758,139.2189
8.2775,139.5401
8.2793,139.8610
8.2810,140.1816
8.2827,140.5019
8.2844,140.8219
8.2861,141.1417
8.2878,141.4611
8.2895,141.7802
8.2912,142.0990
8.2929,142.4175
8.2946,142.7356
8.2963,143.0534
8.2980,143.3709
8.2997,143.6880
8.3014,144.0047
8.3030,144.3211
8.3047,144.6371
8.3064,144.9528
8.3081,145.2680
8.3098,145.5829
8.3115,145.8974
8.3131,146.2115
8.3148,146.5252
8.3165,146.8384
8.3181,147.1513
8.3198,147.4637
8.3215,147.7758
8.3231,148.0873
8.3248,148.3985
8.3264,148.7092
8.3281,149.0194
8.3298,149.3292
8.3314,149.6385
8.3331,149.9474
8.3347,150.2557
8.3363,150.5636
8.3380,150.8710
8.3396,151.1780
8.3412,151.4844
8.3429,151.7903
8.3445,152.0957
8.3461,152.4006
8.3478,152.7049
8.3494,153.0088
8.3510,153.3121
8.3526,153.6149
8.3542,153.9171
8.3558,154.2187
8.3574,154.5199
8.3590,154.8204
8.3606,155.1204
8.3622,155.4198
8.3638,155.7186
8.3654,156.0169
8.3670,156.3145
8.3686,156.6116
8.3702,156.9081
8.3718,157.2039
8.3733,157.4992
8.3749,157.7938
8.3765,158.0878
8.3780,158.3811
8.3796,158.6739
8.3812,158.9660
8.3827,159.2574
8.3843,159.5482
8.3858,159.8383
8.3873,160.1278
8.3889,160.4166
8.3904,160.7047
8.3920,160.9922
8.3935,161.2789
8.3950,161.5650
8.3965,161.8504
8.3981,162.1350
8.3996,162.4190
8.4011,162.7023
8.4026,162.9848
8.4041,163.2666
8.4056,163.5477
8.4071,163.8280
8.4086,164.1076
8.4101,164.3865
8.4115,164.6646
8.4130,164.9420
8.4145,165.2186
8.4160,165.4944
8.4174,165.7695
8.4189,166.0438
8.4204,166.3173
8.4218,166.5900
8.4233,166.8619
8.4247,167.1331
8.4262,167.4034
8.4276,167.6729
8.4290,167.9416
8.4305,168.2095
8.4319,168.4766
8.4333,168.7428
8.4347,169.0082
8.4361,169.2728
8.4375,169.5365
8.4389,169.7994
8.4403,170.0614
8.4417,170.3226
8.4431,170.5829
8.4445,170.8423
8.4459,171.1009
8.4472,171.3586
8.4486,171.6154
8.4500,171.8713
8.4513,172.1263
8.4527,172.3805
8.4540,172.6337
8.4554,172.8860
8.4567,173.1374
8.4581,173.3879
8.4594,173.6375
8.4607,173.8861
8.4620,174.1338
8.4634,174.3806
8.4647,174.6264
8.4660,174.8713
8.4673,175.1153
8.4686,175.3583
8.4699,175.6003
8.4712,175.8414
8.4724,176.0815
8.4737,176.3206
8.4750,176.5587
8.4762,176.7959
8.4775,177.0321
8.4788,177.2673
8.4800,177.5015
8.4813,177.7347
8.4825,177.9669
8.4837,178.1980
8.4850,178.4282
8.4862,178.6574
8.4874,178.8855
8.4886,179.1126
8.4898,179.3387
8.4910,179.5637
8.4922,179.7877
8.4934,180.0107
8.4946,180.2326
8.4958,180.4535
8.4969,180.6733
8.4981,180.8920
8.4993,181.1097
8.5004,181.3263
8.5016,181.5418
8.5027,181.7563
8.5038,181.9697
8.5050,182.1820
8.5061,182.3932
8.5072,182.6033
8.5083,182.8123
8.5094,183.0202
8.5105,183.2271
8.5116,183.4328
8.5127,183.6374
8.5138,183.8408
8.5149,184.0432
8.5160,184.2444
8.5170,184.4445
8.5181,184.6435
8.5192,184.8413
8.5202,185.0380
8.5212,185.2336
8.5223,185.4280
8.5233,185.6213
8.5243,185.8134
8.5254,186.0043
8.5264,186.1941
8.5274,186.3827
8.5284,186.5702
8.5294,186.7565
8.5304,186.9416
8.5313,187.1255
8.5323,187.3082
8.5333,187.4898
8.5342,187.6701
8.5352,187.8493
8.5361,188.0273
8.5371,188.2041
8.5380,188.3796
8.5390,188.5540
8.5399,188.7272
8.5408,188.8991
8.5417,189.0698
8.5426,189.2393
8.5435,189.4076
8.5444,189.5747
8.5453,189.7405
8.5462,189.9051
8.5470,190.0685
8.5479,190.2306
8.5488,190.3915
8.5496,190.5511
8.5505,190.7095
8.5513,190.8666
8.5521,191.0225
8.5529,191.1771
8.5538,191.3305
8.5546,191.4826
8.5554,191.6334
8.5562,191.7830
8.5570,191.9313
8.5578,192.0783
8.5585,192.2240
8.5593,192.3685
8.5601,192.5117
8.5608,192.6536
8.5616,192.7942
8.5623,192.9335
8.5630,193.0715
8.5638,193.2083
8.5645,193.3437
8.5652,193.4778
8.5659,193.6107
8.5666,193.7422
8.5673,193.8724
8.5680,194.0013
8.5687,194.1289
8.5694,194.2551
8.5700,194.3801
8.5707,194.5037
8.5713,194.6260
8.5720,194.7470
8.5726,194.8666
8.5733,194.9850
8.5739,195.1020
8.5745,195.2176
8.5751,195.3319
8.5757,195.4449
8.5763,195.5566
8.5769,195.6668
8.5775,195.7758
8.5780,195.8834
8.5786,195.9897
8.5792,196.0946
8.5797,196.1981
8.5803,196.3003
8.5808,196.4011
8.5813,196.5006
8.5819,196.5987
8.5824,196.6955
8.5829,196.7908
8.5834,196.8849
8.5839,196.9775
8.5844,197.0688
8.5848,197.1587
8.5853,197.2472
8.5858,197.3344
8.5862,197.4202
8.5867,197.5046
8.5871,197.5876
8.5876,197.6692
8.5880,197.7495
8.5884,197.8284
8.5888,197.9059
8.5892,197.9820
8.5896,198.0567
8.5900,198.1300
8.5904,198.2019
8.5908,198.2724
8.5912,198.3416
8.5915,198.4093
8.5919,198.4757
8.5922,198.5406
8.5926,198.6041
8.5929,198.6663
8.5932,198.7270
8.5935,198.7864
8.5938,198.8443
8.5941,198.9008
8.5944,198.9559
8.5947,199.0096
8.5950,199.0619
8.5953,199.1128
8.5955,199.1623
8.5958,199.2104
8.5960,199.2570
8.5963,199.3023
8.5965,199.3461
8.5967,199.3885
8.5970,199.4295
8.5972,199.4691
8.5974,199.5072
8.5976,199.5440
8.5978,199.5793
8.5979,199.6132
8.5981,199.6457
8.5983,199.6768
8.5984,199.7064
8.5986,199.7346
8.5987,199.7614
8.5989,199.7868
8.5990,199.8107
8.5991,199.8332
8.5992,199.8543
8.5993,199.8740
8.5994,199.8923
8.5995,199.9091
8.5996,199.9245
8.5997,199.9384
8.5997,199.9510
8.5998,199.9621
8.5998,199.9718
8.5999,199.9801
8.5999,199.9869
8.6000,199.9923
8.6000,199.9963
8.6000,199.9988
8.6000,199.9999
8.6000,199.9996
8.6000,199.9979
8.6000,199.9947
8.5999,199.9902
8.5999,199.9841
8.5999,199.9767
8.5998,199.9678
8.5998,199.9575
8.5997,199.9458
8.5996,199.9326
8.5996,199.9181
8.5995,199.9021
8.5994,199.8846
8.5993,199.8658
8.5992,199.8455
8.5991,199.8238
8.5989,199.8006
8.5988,199.7761
8.5987,199.7501
8.5985,199.7227
8.5984,199.6939
8.5982,199.6636
8.5980,199.6319
8.5979,199.5989
8.5977,199.5643
8.5975,199.5284
8.5973,199.4911
8.5971,199.4523
8.5969,199.4121
8.5966,199.3705
8.5964,199.3275
8.5962,199.2831
8.5959,199.2372
8.5957,199.1900
8.5954,199.1413
8.5952,199.0912
8.5949,199.0397
8.5946,198.9868
8.5943,198.9325
8.5940,198.8768
8.5937,198.8196
8.5934,198.7611
8.5931,198.7012
8.5927,198.6398
8.5924,198.5771
8.5921,198.5129
8.5917,198.4474
8.5914,198.3805
8.5910,198.3121
8.5906,198.2424
8.5902,198.1713
8.5899,198.0987
8.5895,198.0248
8.5891,197.9495
8.5887,197.8728
8.5882,197.7947
8.5878,197.7153
8.5874,197.6344
8.5869,197.5522
8.5865,197.4686
8.5860,197.3836
8.5856,197.2972
8.5851,197.2095
8.5846,197.1203
8.5842,197.0298
8.5837,196.9380
8.5832,196.8447
8.5827,196.7501
8.5822,196.6542
8.5816,196.5568
8.5811,196.4581
8.5806,196.3581
8.5800,196.2567
8.5795,196.1539
8.5789,196.0498
8.5784,195.9443
8.5778,195.8374
8.5772,195.7293
8.5766,195.6197
8.5760,195.5089
8.5754,195.3967
8.5748,195.2831
8.5742,195.1682
8.5736,195.0520
8.5730,194.9344
8.5723,194.8155
8.5717,194.6953
8.5711,194.5738
8.5704,194.4509
8.5697,194.3267
8.5691,194.2012
8.5684,194.0743
8.5677,193.9462
8.5670,193.8167
8.5663,193.6860
8.5656,193.5539
8.5649,193.4205
8.5642,193.2858
8.5635,193.1498
8.5627,193.0125
8.5620,192.8740
8.5612,192.7341
8.5605,192.5929
8.5597,192.4505
8.5590,192.3068
8.5582,192.1617
8.5574,192.0155
8.5566,191.8679
8.5558,191.7190
8.5550,191.5689
8.5542,191.4176
8.5534,191.2649
8.5526,191.1110
8.5518,190.9558
8.5509,190.7994
8.5501,190.6418
8.5492,190.4828
8.5484,190.3227
8.5475,190.1613
8.5467,189.9986
8.5458,189.8347
8.5449,189.6696
8.5440,189.5032
8.5431,189.3357
8.5422,189.1668
8.5413,188.9968
8.5404,188.8256
8.5395,188.6531
8.5386,188.4794
8.5376,188.3045
8.5367,188.1285
8.5357,187.9512
8.5348,187.7727
8.5338,187.5930
8.5329,187.4121
8.5319,187.2301
8.5309,187.0468
8.5299,186.8624
8.5289,186.6768
8.5279,186.4900
8.5269,186.3020
8.5259,186.1129
8.5249,185.9226
8.5239,185.7312
8.5229,185.5386
8.5218,185.3448
8.5208,185.1499
8.5198,184.9539
8.5187,184.7567
8.5176,184.5584
8.5166,184.3589
8.5155,184.1583
8.5144,183.9566
8.5134,183.7538
8.5123,183.5498
8.5112,183.3447
8.5101,183.1386
8.5090,182.9313
8.5079,182.7229
8.5067,182.5134
8.5056,182.3028
8.5045,182.0911
8.5034,181.8784
8.5022,181.6645
8.5011,181.4496
8.4999,181.2336
8.4988,181.0165
8.4976,180.7984
8.4964,180.5792
8.4952,180.3589
8.4941,180.1376
8.4929,179.9153
8.4917,179.6918
8.4905,179.4674
8.4893,179.2419
8.4881,179.0154
8.4869,178.7878
8.4856,178.5593
8.4844,178.3297
8.4832,178.0991
8.4820,177.8675
8.4807,177.6348
8.4795,177.4012
8.4782,177.1666
8.4770,176.9310
8.4757,176.6944
8.4744,176.4568
8.4732,176.2182
8.4719,175.9787
8.4706,175.7382
8.4693,175.4967
8.4680,175.2542
8.4667,175.0108
8.4654,174.7665
8.4641,174.5212
8.4628,174.2750
8.4615,174.0278
8.4602,173.7797
8.4588,173.5306
8.4575,173.2807
8.4562,173.0298
8.4548,172.7780
8.4535,172.5253
8.4521,172.2717
8.4508,172.0171
8.4494,171.7617
8.4480,171.5054
8.4467,171.2483
8.4453,170.9902
8.4439,170.7313
8.4425,170.4714
8.4411,170.2108
8.4397,169.9492
8.4383,169.6868
8.4369,169.4236
8.4355,169.1595
8.4341,168.8946
8.4327,168.6288
8.4313,168.3622
8.4298,168.0948
8.4284,167.8265
8.4270,167.5575
8.4255,167.2876
8.4241,167.0169
8.4226,166.7455
8.4212,166.4732
8.4197,166.2002
8.4183,165.9263
8.4168,165.6517
8.4153,165.3763
8.4139,165.1001
8.4124,164.8232
8.4109,164.5455
8.4094,164.2671
8.4079,163.9879
8.4064,163.7080
8.4049,163.4273
8.4034,163.1459
8.4019,162.8638
8.4004,162.5809
8.3989,162.2974
8.3974,162.0131
8.3959,161.7281
8.3944,161.4425
8.3928,161.1561
8.3913,160.8690
8.3898,160.5813
8.3882,160.2929
8.3867,160.0038
8.3851,159.7141
8.3836,159.4236
8.3820,159.1326
8.3805,158.8409
8.3789,158.5485
8.3774,158.2555
8.3758,157.9618
8.3742,157.6676
8.3727,157.3727
8.3711,157.0772
8.3695,156.7811
8.3679,156.4844
8.3663,156.1871
8.3647,155.8891
8.3632,155.5906
8.3616,155.2916
8.3600,154.9919
8.3584,154.6917
8.3568,154.3909
8.3551,154.0895
8.3535,153.7876
8.3519,153.4852
8.3503,153.1822
8.3487,152.8786
8.3471,152.5746
8.3454,152.2700
8.3438,151.9649
8.3422,151.6592
8.3405,151.3531
8.3389,151.0465
8.3373,150.7394
8.3356,150.4317
8.3340,150.1236
8.3323,149.8151
8.3307,149.5060
8.3290,149.1965
8.3274,148.8865
8.3257,148.5761
8.3241,148.2652
8.3224,147.9539
8.3208,147.6421
8.3191,147.3299
8.3174,147.0173
8.3158,146.7042
8.3141,146.3908
8.3124,146.0769
8.3107,145.7627
8.3091,145.4480
8.3074,145.1330
8.3057,144.8175
8.3040,144.5017
8.3023,144.1855
8.3006,143.8690
8.2989,143.5521
8.2973,143.2349
8.2956,142.9172
8.2939,142.5993
8.2922,142.2810
8.2905,141.9624
8.2888,141.6435
8.2871,141.3242
8.2854,141.0047
8.2837,140.6848
8.2819,140.3647
8.2802,140.0442
8.2785,139.7235
8.2768,139.4024
8.2751,139.0812
8.2734,138.7596
8.2717,138.4378
8.2700,138.1157
8.2682,137.7934
8.2665,137.4708
8.2648,137.1480
8.2631,136.8249
8.2613,136.5017
8.2596,136.1782
8.2579,135.8545
8.2562,135.5306
8.2544,135.2065
8.2527,134.8822
8.2510,134.5577
8.2492,134.2330
8.2475,133.9081
8.2458,133.5831
8.2440,133.2580
8.2423,132.9326
8.2406,132.6071
8.2388,132.2815
8.2371,131.9557
8.2354,131.6298
8.2336,131.3038
8.2319,130.9776
8.2301,130.6514
8.2284,130.3250
8.2267,129.9985
8.2249,129.6720
8.2232,129.3453
8.2214,129.0186
8.2197,128.6917
8.2179,128.3649
8.2162,128.0379
8.2145,127.7109
8.2127,127.3838
8.2110,127.0567
8.2092,126.7296
8.2075,126.4024
8.2057,126.0752
8.2040,125.7480
8.2022,125.4207
8.2005,125.0935
8.1988,124.7663
8.1970,124.4390
8.1953,124.1118
8.1935,123.7846
8.1918,123.4574
8.1900,123.1302
8.1883,122.8031
8.1865,122.4760
8.1848,122.1489
8.1831,121.8220
8.1813,121.4950
8.1796,121.1682
8.1778,120.8414
8.1761,120.5147
8.1743,120.1881
8.1726,119.8615
8.1709,119.5351
8.1691,119.2088
8.1674,118.8826
8.1656,118.5565
8.1639,118.2305
8.1622,117.9046
8.1604,117.5789
8.1587,117.2534
8.1569,116.9279
8.1552,116.6027
8.1535,116.2776
8.1517,115.9526
8.1500,115.6278
8.1483,115.3032
8.1466,114.9788
8.1448,114.6546
8.1431,114.3306
8.1414,114.0068
8.1396,113.6832
8.1379,113.3598
8.1362,113.0366
8.1345,112.7137
8.1328,112.3909
8.1310,112.0685
8.1293,111.7463
8.1276,111.4243
8.1259,111.1026
8.1242,110.7811
8.1225,110.4599
8.1207,110.1390
8.1190,109.8184
8.1173,109.4981
8.1156,109.1781
8.1139,108.8583
8.1122,108.5389
8.1105,108.2198
8.1088,107.9010
8.1071,107.5825
8.1054,107.2644
8.1037,106.9466
8.1020,106.6291
8.1003,106.3120
8.0986,105.9953
8.0970,105.6789
8.0953,105.3629
8.0936,105.0472
8.0919,104.7320
8.0902,104.4171
8.0885,104.1026
8.0869,103.7885
8.0852,103.4748
8.0835,103.1616
8.0819,102.8487
8.0802,102.5363
8.0785,102.2242
8.0769,101.9127
8.0752,101.6015
8.0736,101.2908
8.0719,100.9806
8.0702,100.6708
8.0686,100.3615
8.0669,100.0526
8.0653,99.7443
8.0637,99.4364
8.0620,99.1290
8.0604,98.8220
8.0588,98.5156
8.0571,98.2097
8.0555,97.9043
8.0539,97.5994
8.0522,97.2951
8.0506,96.9912
8.0490,96.6879
8.0474,96.3851
8.0458,96.0829
8.0442,95.7813
8.0426,95.4801
8.0410,95.1796
8.0394,94.8796
8.0378,94.5802
8.0362,94.2814
8.0346,93.9831
8.0330,93.6855
8.0314,93.3884
8.0298,93.0919
8.0282,92.7961
8.0267,92.5008
8.0251,92.2062
8.0235,91.9122
8.0220,91.6189
8.0204,91.3261
8.0188,91.0340
8.0173,90.7426
8.0157,90.4518
8.0142,90.1617
8.0127,89.8722
8.0111,89.5834
8.0096,89.2953
8.0080,89.0078
8.0065,88.7211
8.0050,88.4350
8.0035,88.1496
8.0019,87.8650
8.0004,87.5810
7.9989,87.2977
7.9974,87.0152
7.9959,86.7334
7.9944,86.4523
7.9929,86.1720
7.9914,85.8924
7.9899,85.6135
7.9885,85.3354
7.9870,85.0580
7.9855,84.7814
7.9840,84.5056
7.9826,84.2305
7.9811,83.9562
7.9796,83.6827
7.9782,83.4100
7.9767,83.1381
7.9753,82.8669
7.9738,82.5966
7.9724,82.3271
7.9710,82.0584
7.9695,81.7905
7.9681,81.5234
7.9667,81.2572
7.9653,80.9918
7.9639,80.7272
7.9625,80.4635
7.9611,80.2006
7.9597,79.9386
7.9583,79.6774
7.9569,79.4171
7.9555,79.1577
7.9541,78.8991
7.9528,78.6414
7.9514,78.3846
7.9500,78.1287
7.9487,77.8737
7.9473,77.6195
7.9460,77.3663
7.9446,77.1140
7.9433,76.8626
7.9419,76.6121
7.9406,76.3625
7.9393,76.1139
7.9380,75.8662
7.9366,75.6194
7.9353,75.3736
7.9340,75.1287
7.9327,74.8847
7.9314,74.6417
7.9301,74.3997
7.9288,74.1586
7.9276,73.9185
7.9263,73.6794
7.9250,73.4413
7.9238,73.2041
7.9225,72.9679
7.9212,72.7327
7.9200,72.4985
7.9187,72.2653
7.9175,72.0331
7.9163,71.8020
7.9150,71.5718
7.9138,71.3426
7.9126,71.1145
7.9114,70.8874
7.9102,70.6613
7.9090,70.4363
7.9078,70.2123
7.9066,69.9893
7.9054,69.7674
7.9042,69.5465
7.9031,69.3267
7.9019,69.1080
7.9007,68.8903
7.8996,68.6737
7.8984,68.4582
7.8973,68.2437
7.8962,68.0303
7.8950,67.8180
7.8939,67.6068
7.8928,67.3967
7.8917,67.1877
7.8906,66.9798
7.8895,66.7729
7.8884,66.5672
